{
    "sit": {
        "frequency" : [ 0.0, 0.0, 0.0, 0.0 ],
        "offset" : [ 0.4, 0.4, 0.3, 0.3],
        "amplitude" : [ 0.0, 0.0, 0.0, 0.0],
        "phase" : [0.0, 0.0, 0.0, 0.0]
    },
    
    "bound": {
        "frequency" : [ 2.0, 2.0, 2.0, 2.0 ],
        "offset" : [ -0.23, -0.23, -0.37, -0.37],
        "amplitude" : [ 0.56, 0.56, 0.65, 0.65],
        "phase" : [0.0, 0.0, 0.5, 0.5]
    },

    "turn_pacing_sharp_left": {
        "frequency" : [ 1.5, 1.5, 1.5, 1.5 ],
        "offset" : [ 0.309866, 0.314575, -0.135393, -0.229108],
        "amplitude" : [ 1.06182, 0.792071, 0.91002, 1.01587],
        "phase" : [0.0, 0.353584, 0.992961, 0.0722123]
    },

    "turn_pacing_sharp_right": {
        "frequency" : [ 1.5, 1.5, 1.5, 1.5 ],
        "offset" : [ 0.314575, 0.309866, -0.229108, -0.135393],
        "amplitude" : [ 0.792071, 1.06182, 1.01587, 0.91002],
        "phase" : [0.353584, 0.0, 0.0722123, 0.992961]
    },

    "turn_through_phase_lags_left": {
        "frequency" : [ 0.95, 0.95, 0.95, 0.95 ],
        "offset" : [ 0.3, 0.3, -0.31, -0.31],
        "amplitude" : [ 0.66, 0.66, 0.56, 0.56],
        "phase" : [0.35,  0.0, 0.54, 0.19]
    },

    "turn_through_phase_lags_right": {
        "frequency" : [ 0.95, 0.95, 0.95, 0.95 ],
        "offset" : [ 0.3, 0.3, -0.31, -0.31],
        "amplitude" : [ 0.66, 0.66, 0.56, 0.56],
        "phase" : [0.0, 0.35, 0.19, 0.54]
    },

    "crawl": {
        "frequency" : [ 0.95, 0.95, 0.95, 0.95 ],
        "offset" : [ 0.47, 0.47, -0.66, -0.66],
        "amplitude" : [ 0.66, 0.66, 0.56, 0.56],
        "phase" : [0.0, 0.65, 0.81, 0.46]
    },

    "walk": {
        "frequency" : [ 1.51, 1.51, 1.51, 1.51 ],
        "offset" : [ 0.3, 0.3, -0.31, -0.31],
        "amplitude" : [ 0.66, 0.66, 0.56, 0.56],
        "phase" : [0, 0.35, 0.14, 0.64]
    },

    "pace": {
        "frequency" : [ 1.19, 1.19, 1.19, 1.19 ],
        "offset" : [ 0.47, 0.47, 0.16, 0.16],
        "amplitude" : [ 0.61, 0.61, 0.49, 0.49],
        "phase" : [0.0, 0.46, 0.06, 0.65]
    },

    "trot_back": {
        "frequency" : [ 1.59, 1.59, 1.59, 1.59 ],
        "offset" : [ -0.31, -0.31, -0.49, -0.49],
        "amplitude" : [ 0.44, 0.44, 0.35, 0.35],
        "phase" : [0.0, 0.5, 0.5, 0.0]
    },

    "jump": {
        "frequency" : [ 2.39, 2.39, 2.39, 2.39 ],
        "offset" : [ 0.0, 0.0, 0.0, 0.0],
        "amplitude" : [ 0.7, 0.7, 0.61, 0.61],
        "phase" : [0.0, 0.0, 0.76, 0.76]
    },

    "bounce": {
        "frequency" : [ 2.39, 2.39, 2.39, 2.39 ],
        "offset" : [ 0.3, 0.3, -0.66, -0.66],
        "amplitude" : [ 0.66, 0.66, 0.7, 0.7],
        "phase" : [0.0, 0.0, 0.0, 0.0]
    },

    "turn_1_leg_left": {
        "frequency" : [ 1.0, 1.0, 1.0, 1.0 ],
        "offset" : [ 0.0, 0.0, 0.0, 0.0],
        "amplitude" : [ 0.17, 0.17, 0.17, 0.79],
        "phase" : [0, 0.5, 0.99, 0.48]
    },

    "turn_1_leg_right": {
        "frequency" : [ 1.0, 1.0, 1.0, 1.0 ],
        "offset" : [ 0.0, 0.0, 0.0, 0.0],
        "amplitude" : [ 0.17, 0.17, 0.79, 0.17],
        "phase" : [0.5, 0, 0.48, 0.99]
    },

    "bound_left": {
        "frequency" : [ 1.515151515, 1.515151515, 1.515151515, 1.515151515 ],
        "offset" : [ -0.23, -0.23, -0.37, -0.37],
        "amplitude" : [ 0.38, 0.65, 0.47, 0.65],
        "phase" : [0.1141, 0.0, 0.611155, 0.5]
    },

    "bound_right": {
        "frequency" : [ 1.515151515, 1.515151515, 1.515151515, 1.515151515 ],
        "offset" : [ -0.23, -0.23, -0.37,  -0.37],
        "amplitude" : [ 0.65, 0.38, 0.65, 0.47],
        "phase" : [0.0, 0.1141, 0.5, 0.611155]
    },

    "bound_1Hz": {
        "frequency" : [ 1.0, 1.0, 1.0, 1.0 ],
        "offset" : [ -0.23, -0.23, -0.37, -0.37],
        "amplitude" : [ 0.56, 0.56, 0.65, 0.65],
        "phase" : [0.0, 0.0, 0.5, 0.5]
    },

    "crawl_1Hz": {
        "frequency" : [ 1.0, 1.0, 1.0, 1.0 ],
        "offset" : [ 0.47, 0.47, -0.66, -0.66],
        "amplitude" : [ 0.66, 0.66, 0.56, 0.56],
        "phase" : [0.0, 0.65, 0.81, 0.46]
    },

    "walk_1Hz": {
        "frequency" : [ 1.0, 1.0, 1.0, 1.0 ],
        "offset" : [ 0.3, 0.3, -0.31, -0.31],
        "amplitude" : [ 0.66, 0.66, 0.56, 0.56],
        "phase" : [0, 0.35, 0.14, 0.64]
    },

    "trot_back_1Hz": {
        "frequency" : [ 1.0, 1.0, 1.0, 1.0 ],
        "offset" : [ -0.31, -0.31, -0.49, -0.49],
        "amplitude" : [ 0.44, 0.44, 0.35, 0.35],
        "phase" : [0.0, 0.5, 0.5, 0.0]
    },

    "bounce_1Hz": {
        "frequency" : [ 1.0, 1.0, 1.0, 1.0 ],
        "offset" : [ 0.3, 0.3, -0.66, -0.66],
        "amplitude" : [ 0.66, 0.66, 0.7, 0.7],
        "phase" : [0.0, 0.0, 0.0, 0.0]
    },

    "bound_left_1Hz": {
        "frequency" : [ 1.0, 1.0, 1.0, 1.0 ],
        "offset" : [ -0.23, -0.23, -0.37,-0.37],
        "amplitude" : [ 0.38, 0.65, 0.47, 0.65],
        "phase" : [0.1141, 0.0, 0.611155, 0.5]
    },

    "bound_right_1Hz": {
        "frequency" : [ 1.0, 1.0, 1.0, 1.0 ],
        "offset" : [ -0.23, -0.23, -0.37, -0.37],
        "amplitude" : [ 0.65, 0.38, 0.65, 0.47],
        "phase" : [0.0, 0.1141, 0.5, 0.611155]
    },

    "turn_pacing_sharp_left_1Hz": {
        "frequency" : 1.0,
        "offset" : [ 0.309866, 0.314575, -0.135393, -0.229108],
        "amplitude" : [ 1.06182, 0.792071, 0.91002, 1.01587],
        "phase" : [0.0, 0.353584, 0.992961, 0.0722123]
    },

    "turn_pacing_sharp_right_1Hz": {
        "frequency" : [ 1.0, 1.0, 1.0, 1.0 ],
        "offset" : [ 0.314575, 0.309866, -0.229108, -0.135393],
        "amplitude" : [ 0.792071, 1.06182, 1.01587, 0.91002],
        "phase" : [0.353584, 0.0, 0.0722123, 0.992961]
    },

    "turn_on_spot_right_1Hz_SIM": {
        "frequency" : [ 1.0, 1.0, 1.0, 1.0 ],
        "offset" : [ 0.410595, 0.30721, -0.192051, 0.319423],
        "amplitude" : [ 1.1258, 1.07667, 1.12225, 1.12373],
        "phase" : [0.071365, 0.0, 0.424237, 0.757545]
    },

    "pace_1Hz": {
        "frequency" : [ 1.0, 1.0, 1.0, 1.0 ],
        "offset" : [ 0.47, 0.47, 0.16, 0.16],
        "amplitude" : [ 0.61, 0.61, 0.49, 0.49],
        "phase" : [0.0, 0.46, 0.06, 0.65]
    },

    "trot_back_1Hz_SIM": {
        "frequency" : [ 1.0, 1.0, 1.0, 1.0 ],
        "offset" : [ -0.34, -0.34, -0.5, -0.5],
        "amplitude" : [ 0.3, 0.3, 0.5, 0.5],
        "phase" : [0.0, 0.5, 0.5, 0.0]
    },
    
    "crawl_1Hz_SIM": {
        "frequency" : [ 1.0, 1.0, 1.0, 1.0 ],
        "offset" : [ 0.36, 0.36, -0.54, -0.54],
        "amplitude" : [ 0.66, 0.66, 0.66, 0.66],
        "phase" : [0.0, 0.76, 0.94, 0.46]
    }
}