{
    "touch1"            : [0.0, 100.29693400123764],
    "touch0"            : [0.0, 100.23465867525215],
    "touch3"            : [0.0, 137.65141306070129],
    "touch2"            : [0.0, 96.541881138783822],
    "accelerometer_y"   : [-44.728610322038215, 97.481590418723002],
    "accelerometer_x"   : [-48.030448656114537, 81.205460093195825],
    "accelerometer_z"   : [-13.893742994128598, 86.346093474890296],
    "trg3"              : [-1.1986976407628323, 2.5356446162771622],
    "trg2"              : [-1.1986976407628702, 2.5356446162772004],
    "trg1"              : [-0.87871737347843504, 2.2156643489927652],
    "trg0"              : [-0.87871737347843315, 2.2156643489927634],
    "puppyGPS_y"        : [-15.024697334426676, 30.05486069539208],
    "puppyGPS_x"        : [-15.023009927085537, 29.787327062066474],
    "puppyGPS_z"        : [0.026536375532309246, 0.10935759663803835],
    "hip1"              : [-0.7947521416425859, 2.1316995117309396],
    "hip0"              : [-0.7959283853464888, 2.1328757546622645],
    "hip3"              : [-1.1175227409181507, 2.4544708394113783],
    "hip2"              : [-1.1016476237278301, 2.4385957332384942],
    "knee2"             : [-1.3130724669213383, 2.1850849097516249],
    "knee3"             : [-1.9824863862474928, 3.0520959580249705],
    "knee0"             : [-0.37526470403446649, 1.4916736532483348],
    "knee1"             : [-0.41312059914113264, 1.4250526817049718],
    "compass_x"         : [-0.99999949412444811, 1.9999988824050594],
    "compass_y"         : [-0.99999999534269135, 1.9999995964099642],
    "gyro_z"            : [-5.5676024479634023, 11.210270358570327],
    "compass_z"         : [-0.99898965376891447, 1.9962511704033341],
    "gyro_x"            : [-11.81129391536701, 24.524707962234995],
    "gyro_y"            : [-8.3935453985707671, 16.596861131539335]
}
