{
    "touch1":           [50.148467000618822, 50.148467000618822],
    "touch0":           [50.117329337626074, 50.117329337626074],
    "touch3":           [68.825706530350644, 68.825706530350644],
    "touch2":           [48.270940569391911, 48.270940569391911],
    "accelerometer_y":  [4.0121848873232864, 48.740795209361501],
    "accelerometer_x":  [-7.4277186095166243, 40.602730046597912],
    "accelerometer_z":  [29.27930374331655, 43.173046737445148],
    "trg3":             [0.069124667375748849, 1.2678223081385811],
    "trg2":             [0.069124667375729976, 1.2678223081386002],
    "trg1":             [0.22911480101794757, 1.1078321744963826],
    "trg0":             [0.22911480101794857, 1.1078321744963817],
    "puppyGPS_y":       [0.0027330132693634823, 15.02743034769604],
    "puppyGPS_x":       [-0.12934639605230025, 14.893663531033237],
    "puppyGPS_z":       [0.081215173851328426, 0.054678798319019173],
    "hip1":             [0.27109761422288392, 1.0658497558654698],
    "hip0":             [0.27050949198464347, 1.0664378773311323],
    "hip3":             [0.10971267878753843, 1.2272354197056892],
    "hip2":             [0.11765024289141701, 1.2192978666192471],
    "knee2":            [-0.2205300120455258, 1.0925424548758125],
    "knee3":            [-0.45643840723500761, 1.5260479790124852],
    "knee0":            [0.3705721225897009, 0.74583682662416739],
    "knee1":            [0.29940574171135326, 0.7125263408524859],
    "compass_x":        [-5.2921918403114887e-08, 0.9999994412025297],
    "compass_y":        [-1.9713770926799157e-07, 0.99999979820498208],
    "gyro_z":           [0.037532731321761048, 5.6051351792851634],
    "compass_z":        [-0.00086406856724741132, 0.99812558520166705],
    "gyro_x":           [0.45106006575048774, 12.262353981117498],
    "gyro_y":           [-0.09511483280109978, 8.2984305657696673]
}
